symbol,side,entry_date,entry_px,exit_date,exit_px,qty,pnl,exit_reason,days_held
TVSMOTOR,S,2018-04-03,658.0,2018-04-04,654.0,37,148.0,EMA13,1
TATAMOTORS,S,2018-04-03,338.4,2018-04-04,346.8,73,-613.2,EMA13,1
ACC,S,2018-04-03,1534.0,2018-04-04,1554.0,16,-320.0,EMA13,1
BHEL,S,2018-04-04,85.65,2018-04-05,86.5,291,-247.35,EMA13,1
HINDALCO,S,2018-04-04,208.0,2018-04-06,210.05,120,-246.0,EMA13,2
PETRONET,S,2018-04-04,232.8,2018-04-06,233.0,107,-21.4,EMA13,2
ADANIPORTS,S,2018-04-05,372.0,2018-04-06,378.45,67,-432.15,EMA13,1
TATASTEEL,S,2018-04-06,57.49,2018-04-09,58.95,434,-633.64,EMA13,3
HINDALCO,S,2018-04-06,210.05,2018-04-09,214.65,119,-547.4,EMA13,3
DIXON,S,2018-04-09,713.6,2018-04-10,733.8,35,-707.0,EMA13,1
VEDL,S,2018-04-06,286.0,2018-04-12,296.0,87,-870.0,EMA13,6
BAJAJ-AUTO,S,2018-04-03,2790.0,2018-04-17,2845.0,8,-440.0,EMA13,14
BHARTIARTL,S,2018-04-09,345.09,2018-04-20,354.69,72,-691.18,EMA13,11
ICICIPRULI,L,2018-05-07,441.0,2018-05-17,435.1,56,-330.4,EMA13,10
UNIONBANK,S,2018-05-22,86.1,2018-05-23,87.15,290,-304.5,EMA13,1
PNB,S,2018-05-22,78.05,2018-05-28,83.7,320,-1808.0,EMA13,6
TORNTPHARM,S,2018-05-22,662.55,2018-05-29,688.5,37,-960.15,EMA13,7
RECLTD,S,2018-05-23,81.68,2018-05-29,88.12,306,-1972.17,EMA13,6
BEL,S,2018-05-23,38.95,2018-05-29,41.17,494,-1095.03,EMA13,6
JUBLFOOD,L,2018-05-30,262.1,2018-05-31,256.0,95,-579.5,EMA13,1
NTPC,S,2018-06-29,129.46,2018-07-02,132.5,193,-586.72,EMA13,3
IDEA,S,2018-06-29,34.97,2018-07-02,35.51,354,-192.89,EMA13,3
BALKRISIND,S,2018-07-03,1066.25,2018-07-04,1082.6,10,-163.5,EMA13,1
BEL,S,2018-06-29,34.88,2018-07-09,37.23,716,-1684.99,EMA13,10
JUBLFOOD,L,2018-07-04,287.0,2018-07-09,275.79,40,-448.4,EMA13,5
ONGC,S,2018-06-29,155.15,2018-07-13,159.05,161,-627.9,EMA13,14
NTPC,S,2018-07-03,128.33,2018-07-13,128.5,194,-32.98,EMA13,10
ASIANPAINT,L,2018-07-17,1365.4,2018-08-06,1420.0,18,982.8,EMA13,20
BERGEPAINT,L,2018-07-17,251.46,2018-08-07,259.92,99,837.21,EMA13,21
COALINDIA,L,2018-08-14,280.0,2018-08-31,286.25,89,556.25,EMA13,17
BAJFINANCE,L,2018-08-09,282.4,2018-09-03,288.0,88,492.8,EMA13,25
TORNTPHARM,L,2018-08-20,888.5,2018-09-05,880.0,28,-238.0,EMA13,16
TECHM,L,2018-08-31,734.0,2018-09-14,739.9,34,200.6,EMA13,14
HINDPETRO,S,2018-09-12,161.97,2018-09-17,166.73,154,-733.55,EMA13,5
TITAN,S,2018-09-24,801.8,2018-10-09,818.95,31,-531.65,EMA13,15
UNIONBANK,S,2018-09-21,79.0,2018-10-11,68.15,316,3428.6,EMA13,20
KOTAKBANK,S,2018-10-09,221.2,2018-10-11,220.0,110,132.0,EMA13,2
MCDOWELL-N,S,2018-10-11,460.0,2018-10-12,529.0,54,-3726.0,SL,1
LTF,S,2018-10-11,118.12,2018-10-15,124.54,211,-1355.1,EMA13,4
MCDOWELL-N,S,2018-10-12,502.4,2018-10-15,526.0,48,-1132.8,EMA13,3
APLAPOLLO,S,2018-09-24,149.1,2018-10-17,139.9,78,717.6,EMA13,23
FEDERALBNK,S,2018-10-17,83.0,2018-10-19,77.85,227,1169.05,EMA13,2
OBEROIRLTY,S,2018-10-19,376.95,2018-10-24,433.49,53,-2996.75,SL,5
M&M,S,2018-10-15,775.0,2018-11-01,770.5,32,144.0,EMA13,17
GRASIM,S,2018-10-24,831.69,2018-11-02,853.51,20,-436.33,EMA13,9
MARUTI,S,2018-09-24,8070.0,2018-11-05,7138.0,3,2796.0,EMA13,42
SHREECEM,S,2018-10-15,15352.0,2018-11-05,14730.0,1,622.0,EMA13,21
INDUSINDBK,S,2018-11-01,1402.0,2018-11-05,1535.0,17,-2261.0,EMA13,4
YESBANK,S,2018-11-02,212.75,2018-11-05,209.0,83,311.25,EMA13,3
MARUTI,S,2018-11-05,7138.0,2018-11-06,7195.0,3,-171.0,EMA13,1
ICICIPRULI,S,2018-11-05,353.0,2018-11-06,359.7,70,-469.0,EMA13,1
IDEA,S,2018-11-06,25.29,2018-11-07,25.81,988,-510.87,EMA13,1
GRASIM,S,2018-11-16,812.77,2018-11-20,844.34,30,-947.18,EMA13,4
DIVISLAB,L,2018-11-19,1565.0,2018-11-27,1513.95,15,-765.75,EMA13,8
MPHASIS,S,2018-11-22,912.0,2018-11-29,950.0,8,-304.0,EMA13,7
VEDL,S,2018-11-21,204.0,2018-12-04,202.4,122,195.2,EMA13,13
NESTLEIND,L,2018-11-29,538.85,2018-12-06,522.41,13,-213.72,EMA13,7
SRF,L,2018-11-20,418.6,2018-12-07,422.0,59,200.6,EMA13,17
YESBANK,S,2018-11-27,193.0,2018-12-12,182.0,118,1298.0,EMA13,15
VEDL,S,2018-12-07,197.95,2018-12-13,201.0,126,-384.3,EMA13,6
NTPC,S,2018-12-12,114.96,2018-12-17,125.0,209,-2098.36,EMA13,5
TATASTEEL,S,2018-12-07,51.07,2018-12-18,52.3,135,-166.05,EMA13,11
SAIL,S,2018-12-07,52.9,2018-12-20,54.15,472,-590.0,EMA13,13
SRF,L,2018-12-17,438.01,2018-12-24,430.76,56,-406.0,EMA13,7
BRITANNIA,L,2018-12-14,3139.7,2018-12-26,3086.4,7,-373.1,EMA13,12
SRF,L,2018-12-24,430.76,2018-12-26,393.79,58,-2144.26,EMA13,2
TORNTPHARM,L,2018-12-24,887.8,2018-12-27,884.95,28,-79.8,EMA13,3
CIPLA,S,2019-01-04,513.0,2019-01-16,515.0,48,-96.0,EMA13,12
NESTLEIND,L,2019-01-09,554.99,2019-01-17,560.0,45,225.45,EMA13,8
APOLLOHOSP,L,2019-01-22,1316.1,2019-01-23,1296.9,18,-345.6,EMA13,1
APOLLOHOSP,L,2019-01-23,1296.9,2019-01-24,1310.0,19,248.9,EMA13,1
TORNTPHARM,L,2019-01-16,949.2,2019-01-28,934.0,26,-395.2,EMA13,12
CIPLA,S,2019-01-30,504.95,2019-02-01,517.65,49,-622.3,EMA13,2
JINDALSTEL,S,2019-01-29,132.3,2019-02-08,134.95,188,-498.2,EMA13,10
NESTLEIND,L,2019-01-25,573.0,2019-02-11,565.0,43,-344.0,EMA13,17
NESTLEIND,L,2019-02-11,565.0,2019-02-12,541.75,44,-1023.0,EMA13,1
NESTLEIND,L,2019-02-12,541.75,2019-02-14,527.05,42,-617.4,EMA13,2
INFY,L,2019-02-01,751.35,2019-02-15,742.3,32,-289.6,EMA13,14
NTPC,S,2019-02-15,110.0,2019-02-18,113.17,227,-718.83,EMA13,3
DIVISLAB,L,2019-02-12,1638.0,2019-02-19,1570.05,15,-1019.25,EMA13,7
GMRAIRPORT,S,2019-02-18,13.33,2019-02-20,14.1,1,-0.77,EMA13,2
INDIANB,S,2019-02-15,232.0,2019-02-21,223.2,91,800.8,EMA13,6
GMRAIRPORT,S,2019-02-20,14.1,2019-02-21,14.1,26,0.01,EMA13,1
HDFCAMC,S,2019-02-21,669.0,2019-02-22,676.5,33,-247.5,EMA13,1
VEDL,S,2019-02-21,161.7,2019-02-22,164.45,1,-2.75,EMA13,1
HDFCAMC,S,2019-02-22,676.5,2019-02-25,674.47,32,64.8,EMA13,3
M&M,S,2019-02-19,627.0,2019-02-26,644.8,37,-658.6,EMA13,7
TATACONSUM,S,2019-02-22,190.0,2019-02-26,189.75,2,0.5,EMA13,4
CUMMINSIND,S,2019-02-25,698.0,2019-02-27,729.0,31,-961.0,EMA13,2
CANBK,S,2019-02-18,43.3,2019-02-28,46.02,565,-1536.8,EMA13,10
LUPIN,S,2019-03-01,771.2,2019-03-05,791.55,32,-651.2,EMA13,4
BANKBARODA,S,2019-03-01,102.0,2019-03-05,108.5,245,-1592.5,EMA13,4
HEROMOTOCO,S,2019-03-01,2649.9,2019-03-06,2795.0,6,-870.6,EMA13,5
TECHM,L,2019-03-06,812.0,2019-03-08,810.2,30,-54.0,EMA13,2
ICICIGI,L,2019-03-07,977.0,2019-03-15,937.4,25,-990.0,EMA13,8
DIVISLAB,L,2019-03-13,1700.0,2019-03-25,1659.8,8,-321.6,EMA13,12
SRF,L,2019-03-15,473.99,2019-04-02,470.04,50,-197.5,EMA13,18
INDIGO,L,2019-03-25,1440.0,2019-04-04,1380.0,9,-540.0,EMA13,10
TORNTPHARM,L,2019-04-05,952.5,2019-04-08,920.0,13,-422.5,EMA13,3
TORNTPHARM,L,2019-04-08,920.0,2019-04-09,897.5,13,-292.5,EMA13,1
PIDILITIND,L,2019-04-16,650.0,2019-04-22,625.0,18,-450.0,EMA13,6
RELIANCE,L,2019-04-22,621.75,2019-04-23,616.26,18,-98.82,EMA13,1
ATGL,L,2019-03-12,118.45,2019-05-02,132.0,211,2859.05,EMA13,51
CHOLAFIN,L,2019-05-03,268.88,2019-05-06,260.69,92,-753.48,EMA13,3
RELIANCE,L,2019-04-26,628.6,2019-05-08,612.6,1,-16.0,EMA13,12
BAJAJFINSV,L,2019-04-02,719.74,2019-05-09,730.5,33,355.08,EMA13,37
HAVELLS,L,2019-05-08,739.75,2019-05-09,727.55,33,-402.6,EMA13,1
INDIGO,L,2019-04-23,1500.0,2019-05-17,1450.0,7,-350.0,EMA13,24
VEDL,S,2019-05-09,159.0,2019-05-17,163.15,157,-651.55,EMA13,8
LTF,S,2019-05-13,112.08,2019-05-21,118.12,16,-96.71,EMA13,8
COLPAL,S,2019-05-17,1120.0,2019-05-21,1165.15,8,-361.2,EMA13,4
YESBANK,S,2019-05-13,164.9,2019-05-29,154.0,151,1645.9,EMA13,16
ZYDUSLIFE,S,2019-05-17,257.7,2019-05-30,264.85,97,-693.55,EMA13,13
LTTS,L,2019-05-29,1765.0,2019-06-04,1699.0,2,-132.0,EMA13,6
INDIGO,L,2019-05-29,1667.8,2019-06-17,1640.0,14,-389.2,EMA13,19
BAJAJFINSV,L,2019-05-24,801.3,2019-06-18,814.4,13,170.3,EMA13,25
BAJFINANCE,L,2019-06-03,346.0,2019-06-18,347.4,70,98.0,EMA13,15
UPL,L,2019-06-20,627.03,2019-06-21,584.0,39,-1678.17,EMA13,1
SBILIFE,L,2019-06-07,698.9,2019-06-26,695.5,5,-17.0,EMA13,19
APOLLOHOSP,L,2019-06-21,1373.0,2019-06-26,1320.0,18,-954.0,EMA13,5
SRF,L,2019-06-20,597.8,2019-07-08,596.41,41,-56.99,EMA13,18
BAJAJFINSV,L,2019-06-28,844.39,2019-07-09,759.0,3,-256.17,EMA13,11
NESTLEIND,L,2019-06-24,580.0,2019-07-10,585.75,12,69.0,EMA13,16
HDFCLIFE,L,2019-07-08,463.7,2019-07-10,458.0,53,-302.1,EMA13,2
SUNPHARMA,S,2019-07-10,386.0,2019-07-11,394.9,17,-151.3,EMA13,1
OFSS,S,2019-07-11,3160.0,2019-07-12,3270.0,2,-220.0,EMA13,1
JINDALSTEL,S,2019-07-12,133.8,2019-07-16,141.0,46,-331.2,EMA13,4
YESBANK,S,2019-07-09,95.0,2019-07-17,108.5,26,-351.0,EMA13,8
GLENMARK,S,2019-07-10,451.0,2019-07-17,453.3,55,-126.5,EMA13,7
SBILIFE,L,2019-06-26,695.5,2019-07-19,745.35,35,1744.75,EMA13,23
AUROPHARMA,S,2019-07-17,581.0,2019-08-01,563.5,43,752.5,EMA13,15
MARUTI,S,2019-07-19,5885.0,2019-08-07,5833.95,4,204.2,EMA13,19
TVSMOTOR,S,2019-08-01,362.5,2019-08-07,379.5,68,-1156.0,EMA13,6
KPITTECH,S,2019-07-16,88.05,2019-08-08,82.5,66,366.3,EMA13,23
GAIL,S,2019-07-18,96.0,2019-08-19,86.97,19,171.63,EMA13,32
INDIANB,S,2019-08-07,201.0,2019-08-27,186.5,124,1798.0,EMA13,20
TATAMOTORS,S,2019-08-21,123.0,2019-08-28,120.55,16,39.2,EMA13,7
BHEL,S,2019-08-27,50.7,2019-08-28,52.6,493,-936.7,EMA13,1
ONGC,S,2019-08-08,130.5,2019-09-06,126.4,55,225.5,EMA13,29
BHEL,S,2019-08-28,52.6,2019-09-06,51.4,475,570.0,EMA13,9
TATASTEEL,S,2019-08-07,39.5,2019-09-09,35.54,632,2502.72,EMA13,33
SAIL,S,2019-08-28,32.75,2019-09-09,32.9,88,-13.2,EMA13,12
COALINDIA,S,2019-09-06,196.15,2019-09-09,198.1,127,-247.65,EMA13,3
PNB,S,2019-09-06,61.35,2019-09-12,64.55,131,-419.2,EMA13,6
CANBK,S,2019-09-09,38.27,2019-09-23,41.4,653,-2043.89,EMA13,14
ITC,S,2019-09-19,231.05,2019-09-24,245.54,55,-797.14,EMA13,5
APOLLOHOSP,L,2019-09-23,1490.0,2019-09-25,1456.0,15,-510.0,EMA13,2
INFY,L,2019-09-24,765.0,2019-09-25,787.7,16,363.2,EMA13,1
INFY,L,2019-09-25,787.7,2019-09-26,787.75,12,0.6,EMA13,1
PIDILITIND,L,2019-09-30,738.5,2019-10-04,696.97,13,-539.83,EMA13,4
NESTLEIND,L,2019-09-25,671.2,2019-10-07,675.41,37,155.77,EMA13,12
CIPLA,S,2019-10-07,419.95,2019-10-14,441.35,59,-1262.6,EMA13,7
YESBANK,S,2019-10-07,45.95,2019-10-18,46.6,15,-9.75,EMA13,11
GLENMARK,S,2019-09-16,366.0,2019-10-25,305.75,68,4097.0,EMA13,39
BAJFINANCE,L,2019-10-18,410.0,2019-10-27,401.5,2,-17.0,EMA13,9
APOLLOHOSP,L,2019-10-30,1459.8,2019-10-31,1471.0,17,190.4,EMA13,1
HDFCLIFE,L,2019-10-04,593.25,2019-11-05,596.0,15,41.25,EMA13,32
BRITANNIA,L,2019-10-31,3298.6,2019-11-06,3239.85,7,-411.25,EMA13,6
BERGEPAINT,L,2019-10-14,398.75,2019-11-11,404.5,58,333.5,EMA13,28
SBILIFE,L,2019-10-31,1006.0,2019-11-13,984.5,7,-150.5,EMA13,13
TATACOMM,L,2019-11-05,369.9,2019-11-14,353.0,24,-405.6,EMA13,9
HDFCLIFE,L,2019-11-14,592.5,2019-11-15,588.35,14,-58.1,EMA13,1
ICICIPRULI,L,2019-11-06,510.5,2019-11-20,506.4,44,-180.4,EMA13,14
SBILIFE,L,2019-11-15,1008.2,2019-11-20,940.0,8,-545.6,EMA13,5
ICICIPRULI,L,2019-11-20,506.4,2019-11-21,503.3,49,-151.9,EMA13,1
SBILIFE,L,2019-11-20,940.0,2019-11-21,942.45,5,12.25,EMA13,1
IPCALAB,L,2019-11-11,532.5,2019-12-06,548.5,44,704.0,EMA13,25
TATACOMM,L,2019-11-22,353.9,2019-12-09,396.8,70,3003.0,EMA13,17
BAJFINANCE,L,2019-12-06,401.0,2019-12-09,396.96,61,-246.44,EMA13,3
DRREDDY,L,2019-12-09,579.8,2019-12-16,567.0,43,-550.4,EMA13,7
SRF,L,2019-12-10,648.6,2019-12-18,647.76,38,-31.92,EMA13,8
TIINDIA,L,2019-11-13,442.0,2019-12-19,482.5,16,648.0,EMA13,36
RELIANCE,L,2019-12-03,728.15,2019-12-24,717.25,7,-76.31,EMA13,21
KOTAKBANK,L,2019-12-16,338.8,2019-12-30,338.0,73,-58.4,EMA13,14
PRESTIGE,L,2019-12-18,331.5,2020-01-02,333.3,75,135.0,EMA13,15
BAJAJFINSV,L,2019-12-19,935.0,2020-01-07,912.5,10,-225.0,EMA13,19
MUTHOOTFIN,L,2020-01-07,764.0,2020-01-09,753.0,32,-352.0,EMA13,2
TRENT,L,2020-01-01,527.0,2020-01-28,573.05,47,2164.35,EMA13,27
JUBLFOOD,L,2020-01-10,343.0,2020-01-29,352.4,27,253.8,EMA13,19
PRESTIGE,L,2020-01-28,393.5,2020-01-31,382.0,63,-724.5,EMA13,3
ADANIENT,L,2020-01-09,201.9,2020-02-04,222.65,123,2552.25,EMA13,26
HAVELLS,S,2020-02-05,613.4,2020-02-06,626.8,40,-536.0,EMA13,1
IDEA,S,2020-01-31,5.3,2020-02-24,4.8,4553,2276.5,EMA13,24
SRF,L,2019-12-24,669.39,2020-02-25,813.9,7,1011.57,EMA13,63
DRREDDY,L,2020-02-06,633.52,2020-02-25,636.4,39,112.32,EMA13,19
TRENT,L,2020-02-24,775.9,2020-03-04,735.0,32,-1308.8,EMA13,9
MARICO,S,2020-02-27,306.8,2020-03-27,271.0,30,1074.0,EMA13,29
ONGC,S,2020-01-29,117.35,2020-04-01,67.0,100,5035.0,EMA13,63
HINDALCO,S,2020-04-01,94.95,2020-04-08,109.19,184,-2620.62,SL,7
TVSMOTOR,S,2020-04-08,261.1,2020-04-09,300.26,57,-2232.4,SL,1
CANBK,S,2020-03-04,28.4,2020-04-13,18.19,829,8464.09,EMA13,40
LT,S,2020-03-27,867.9,2020-04-15,890.95,11,-253.55,EMA13,19
GLENMARK,S,2020-04-15,329.0,2020-04-16,324.0,50,250.0,EMA13,1
OBEROIRLTY,S,2020-04-13,308.55,2020-04-17,361.0,81,-4248.45,SL_gap,4
SJVN,S,2020-04-16,22.4,2020-04-17,22.4,751,0.0,EMA13,1
TVSMOTOR,S,2020-04-09,288.0,2020-04-20,321.95,43,-1459.85,EMA13,11
OBEROIRLTY,S,2020-04-17,361.0,2020-04-20,415.15,69,-3736.35,SL,3
PNB,S,2020-02-25,50.4,2020-04-21,32.3,496,8977.6,EMA13,56
MPHASIS,S,2020-04-21,737.5,2020-04-24,696.8,33,1343.1,EMA13,3
WIPRO,S,2020-04-22,88.5,2020-05-04,92.25,282,-1057.5,EMA13,12
DRREDDY,L,2020-05-04,770.0,2020-05-06,770.2,32,6.4,EMA13,2
UPL,S,2020-05-05,395.0,2020-05-06,392.95,11,22.55,EMA13,1
UPL,S,2020-05-06,392.95,2020-05-07,378.0,63,941.85,EMA13,1
IDFCFIRSTB,S,2020-05-05,21.1,2020-05-14,21.3,1184,-236.8,EMA13,9
TATAPOWER,S,2020-05-07,29.1,2020-05-14,31.0,859,-1632.1,EMA13,7
TATAPOWER,S,2020-05-14,31.0,2020-05-15,31.0,806,-0.0,EMA13,1
CUMMINSIND,S,2020-05-07,372.2,2020-05-28,348.5,13,308.1,EMA13,21
SBIN,S,2020-05-14,170.95,2020-06-01,164.0,136,945.2,EMA13,18
UNIONBANK,S,2020-04-30,27.4,2020-06-02,25.5,912,1732.8,EMA13,33
AUBANK,S,2020-05-15,214.0,2020-06-02,204.7,116,1078.8,EMA13,18
BAJAJFINSV,S,2020-05-28,425.0,2020-06-02,488.75,12,-765.0,SL,5
COROMANDEL,L,2020-06-02,654.0,2020-06-04,634.0,38,-760.0,EMA13,2
DIVISLAB,L,2020-06-08,2472.0,2020-06-12,2310.0,2,-324.0,EMA13,4
BRITANNIA,L,2020-06-08,3486.0,2020-06-16,3381.05,7,-734.65,EMA13,8
DRREDDY,L,2020-06-02,797.0,2020-06-18,802.0,31,155.0,EMA13,16
PIIND,L,2020-06-17,1619.0,2020-06-18,1585.0,14,-476.0,EMA13,1
PIIND,L,2020-06-18,1585.0,2020-06-19,1556.0,15,-435.0,EMA13,1
PIIND,L,2020-06-19,1556.0,2020-06-22,1565.0,15,135.0,EMA13,3
BIOCON,L,2020-06-29,401.6,2020-07-01,390.4,60,-672.0,EMA13,2
MUTHOOTFIN,L,2020-06-15,979.6,2020-07-09,1087.0,6,644.4,EMA13,24
BRITANNIA,L,2020-06-18,3415.0,2020-07-28,3780.3,7,2557.1,EMA13,40
ESCORTS,L,2020-07-01,1053.0,2020-07-28,1110.1,22,1256.2,EMA13,27
COROMANDEL,L,2020-06-08,669.9,2020-07-29,779.0,37,4036.7,EMA13,51
MUTHOOTFIN,L,2020-07-29,1336.0,2020-08-06,1263.0,18,-1314.0,EMA13,8
NAUKRI,L,2020-08-03,642.09,2020-08-13,654.98,38,489.82,EMA13,10
TATACOMM,L,2020-08-06,804.0,2020-08-14,792.0,31,-372.0,EMA13,8
CIPLA,L,2020-07-30,681.2,2020-08-26,751.5,36,2530.8,EMA13,27
DIXON,L,2020-07-09,1224.0,2020-09-01,1596.8,5,1864.0,EMA13,54
DIVISLAB,L,2020-08-13,3110.0,2020-09-01,3114.0,8,32.0,EMA13,19
TATACONSUM,L,2020-08-14,541.95,2020-09-01,526.0,46,-733.7,EMA13,18
COROMANDEL,L,2020-08-26,812.0,2020-09-01,762.0,30,-1500.0,EMA13,6
AUROPHARMA,L,2020-09-02,821.0,2020-09-03,816.0,17,-85.0,EMA13,1
NAUKRI,L,2020-09-01,659.0,2020-09-08,678.0,37,703.0,EMA13,7
TIINDIA,L,2020-09-01,644.1,2020-09-10,613.0,38,-1181.8,EMA13,9
BIOCON,L,2020-09-16,440.05,2020-09-22,429.15,56,-610.4,EMA13,6
PIIND,L,2020-09-17,2052.0,2020-09-22,1937.0,6,-690.0,EMA13,5
JUBLFOOD,L,2020-09-01,420.0,2020-09-25,458.4,59,2265.6,EMA13,24
COFORGE,L,2020-09-22,421.0,2020-09-25,427.0,27,162.0,EMA13,3
ONGC,S,2020-09-25,68.0,2020-09-29,72.5,206,-927.0,EMA13,4
PERSISTENT,L,2020-09-22,583.05,2020-10-16,662.5,42,3336.9,EMA13,24
HCLTECH,L,2020-09-09,712.1,2020-10-19,839.8,35,4469.5,EMA13,40
COALINDIA,S,2020-09-25,116.0,2020-10-20,115.1,215,193.5,EMA13,25
COFORGE,L,2020-09-29,479.0,2020-10-23,500.0,27,567.0,EMA13,24
SRF,L,2020-10-19,897.32,2020-10-27,866.0,27,-845.64,EMA13,8
ASIANPAINT,L,2020-10-21,2130.0,2020-10-27,2085.0,11,-495.0,EMA13,6
INFY,L,2020-10-16,1113.85,2020-10-28,1095.5,22,-403.7,EMA13,12
DIXON,L,2020-10-27,1890.44,2020-10-29,1802.46,13,-1143.74,EMA13,2
TATACOMM,L,2020-10-28,928.8,2020-10-30,890.0,26,-1008.8,EMA13,2
ASIANPAINT,L,2020-10-29,2162.0,2020-11-13,2180.5,11,203.5,EMA13,15
APLAPOLLO,L,2020-10-23,295.3,2020-11-20,325.19,80,2391.2,EMA13,28
PIIND,L,2020-10-30,2155.0,2020-11-26,2220.0,9,585.0,EMA13,27
TATACOMM,L,2020-11-26,1035.0,2020-12-04,1041.7,21,140.7,EMA13,8
TIINDIA,L,2020-11-18,740.1,2020-12-10,801.35,33,2021.25,EMA13,22
SRF,L,2020-11-20,1010.22,2020-12-16,1051.11,24,981.36,EMA13,26
ADANIENT,L,2020-10-30,331.05,2020-12-22,428.2,75,7286.25,EMA13,53
COFORGE,L,2020-12-04,499.4,2020-12-22,482.8,43,-713.8,EMA13,18
APLAPOLLO,L,2020-12-10,380.14,2020-12-22,365.0,65,-984.1,EMA13,12
ALKEM,L,2020-12-16,2905.0,2020-12-22,2864.0,8,-328.0,EMA13,6
ALKEM,L,2020-12-22,2864.0,2020-12-23,2852.0,8,-96.0,EMA13,1
TATACOMM,L,2020-12-22,944.35,2020-12-23,1007.0,26,1628.9,EMA13,1
TATACOMM,L,2020-12-23,1007.0,2021-01-11,1074.7,24,1624.8,EMA13,19
DRREDDY,L,2020-12-22,1021.54,2021-01-18,1046.2,24,591.84,EMA13,27
PIDILITIND,L,2020-12-24,872.5,2021-01-18,870.5,28,-56.0,EMA13,25
ZYDUSLIFE,L,2020-12-22,455.0,2021-01-19,474.1,54,1031.4,EMA13,28
MPHASIS,L,2021-01-11,1660.0,2021-01-20,1628.0,15,-480.0,EMA13,9
ALKEM,L,2021-01-18,3080.0,2021-01-25,3056.0,8,-192.0,EMA13,7
BAJFINANCE,L,2021-01-20,496.8,2021-01-25,504.9,50,405.0,EMA13,5
CHOLAFIN,L,2021-01-25,435.0,2021-01-27,422.45,57,-715.35,EMA13,2
EICHERMOT,L,2021-01-19,2888.0,2021-01-28,2780.0,8,-864.0,EMA13,9
ASHOKLEY,L,2021-01-19,57.95,2021-01-28,56.3,431,-711.15,EMA13,9
EICHERMOT,L,2021-01-28,2780.0,2021-01-29,2812.4,8,259.2,EMA13,1
SRF,L,2021-01-28,1063.0,2021-01-29,1081.0,23,414.0,EMA13,1
VOLTAS,L,2021-01-27,941.0,2021-02-01,906.05,26,-908.7,EMA13,5
HDFCBANK,L,2021-01-29,695.67,2021-02-01,705.12,35,330.93,EMA13,3
APOLLOHOSP,L,2021-01-29,2622.6,2021-02-01,2590.0,9,-293.4,EMA13,3
ALKEM,L,2021-02-03,2911.0,2021-02-04,2956.25,8,362.0,EMA13,1
PERSISTENT,L,2021-02-04,837.45,2021-02-19,841.0,29,102.95,EMA13,15
BAJFINANCE,L,2021-02-03,521.86,2021-02-22,548.0,47,1228.58,EMA13,19
BAJAJFINSV,L,2021-02-03,956.16,2021-02-23,1005.1,26,1272.44,EMA13,20
APOLLOHOSP,L,2021-02-19,3090.1,2021-03-08,2901.0,8,-1512.8,EMA13,17
JUBLFOOD,L,2021-02-22,591.99,2021-03-09,607.02,42,631.26,EMA13,15
IRCTC,L,2021-03-08,392.0,2021-03-17,381.0,63,-693.0,EMA13,9
CHOLAFIN,L,2021-02-03,444.75,2021-03-18,534.5,56,5026.0,EMA13,43
LTTS,L,2021-03-09,2731.9,2021-03-18,2639.0,9,-836.1,EMA13,9
TATACOMM,L,2021-03-17,1177.0,2021-03-18,1162.9,21,-296.1,EMA13,1
TIINDIA,L,2021-02-23,1059.7,2021-03-23,1137.1,23,1780.2,EMA13,28
JINDALSTEL,L,2021-03-22,313.0,2021-03-24,311.0,79,-158.0,EMA13,2
POLYCAB,L,2021-03-23,1354.9,2021-03-24,1151.66,18,-3658.23,SL,1
PERSISTENT,L,2021-03-24,967.0,2021-03-26,907.47,25,-1488.13,EMA13,2
SUPREMEIND,L,2021-03-31,2040.6,2021-04-06,2027.0,12,-163.2,EMA13,6
TIINDIA,L,2021-04-05,1200.1,2021-04-07,1170.0,20,-602.0,EMA13,2
SIEMENS,L,2021-04-07,1051.32,2021-04-08,1051.32,23,-0.09,EMA13,1
POLYCAB,L,2021-03-31,1384.9,2021-04-13,1345.25,18,-713.7,EMA13,13
PERSISTENT,L,2021-04-09,1005.0,2021-04-15,965.05,24,-958.8,EMA13,6
SRF,L,2021-04-12,1240.0,2021-05-10,1260.0,20,400.0,EMA13,28
SRF,L,2021-05-10,1260.0,2021-05-11,1259.88,19,-2.28,EMA13,1
JINDALSTEL,L,2021-04-12,404.9,2021-05-17,421.0,61,982.1,EMA13,35
HINDALCO,L,2021-04-28,368.85,2021-05-17,384.5,67,1048.55,EMA13,19
HINDALCO,L,2021-05-17,384.5,2021-05-21,388.7,65,273.0,EMA13,4
DRREDDY,L,2021-05-17,1050.0,2021-05-31,1043.4,23,-151.8,EMA13,14
IPCALAB,L,2021-05-31,1024.5,2021-06-01,1036.97,24,299.4,EMA13,1
AUROPHARMA,L,2021-06-01,1003.05,2021-06-02,971.0,24,-769.2,EMA13,1
SUPREMEIND,L,2021-05-21,2239.0,2021-06-07,2254.75,11,173.25,EMA13,17
BAJFINANCE,L,2021-06-02,575.65,2021-06-10,571.5,43,-178.45,EMA13,8
SIEMENS,L,2021-06-07,1252.07,2021-06-15,1218.02,19,-646.88,EMA13,8
ZYDUSLIFE,L,2021-05-11,626.65,2021-06-17,624.0,39,-103.35,EMA13,37
DIVISLAB,L,2021-04-28,3944.15,2021-06-21,4190.0,6,1475.1,EMA13,54
IRCTC,L,2021-06-10,418.7,2021-06-21,400.0,59,-1103.3,EMA13,11
ASIANPAINT,L,2021-06-21,3024.2,2021-06-24,2987.35,8,-294.8,EMA13,3
RELIANCE,L,2021-06-15,1043.45,2021-06-25,993.84,23,-1141.03,EMA13,10
JUBLFOOD,L,2021-06-17,644.0,2021-06-25,632.99,38,-418.38,EMA13,8
AMBUJACEM,L,2021-06-25,346.9,2021-07-01,341.3,72,-403.2,EMA13,6
TECHM,L,2021-06-24,1056.55,2021-07-06,1074.65,23,416.3,EMA13,12
ABB,L,2021-07-01,1816.0,2021-07-07,1753.0,13,-819.0,EMA13,6
MARICO,L,2021-06-21,514.1,2021-07-19,521.95,48,376.8,EMA13,28
COFORGE,L,2021-07-07,838.0,2021-08-05,952.8,29,3329.2,EMA13,29
GODREJCP,L,2021-07-06,929.75,2021-08-06,975.2,26,1181.7,EMA13,31
DIVISLAB,L,2021-07-19,4749.95,2021-08-17,4893.5,5,717.75,EMA13,29
VEDL,L,2021-08-17,335.9,2021-08-18,298.9,74,-2738.0,EMA13,1
IRCTC,L,2021-08-05,500.2,2021-08-24,514.0,49,676.2,EMA13,19
TITAN,L,2021-08-18,1887.8,2021-08-26,1822.65,13,-846.95,EMA13,8
MPHASIS,L,2021-06-25,2055.5,2021-08-27,2760.0,12,8454.0,EMA13,63
GODREJCP,L,2021-08-27,1051.3,2021-09-20,1086.0,23,798.1,EMA13,24
TECHM,L,2021-08-06,1252.0,2021-09-21,1439.0,19,3553.0,EMA13,46
TCS,L,2021-09-20,3809.0,2021-09-28,3850.0,6,246.0,EMA13,8
DABUR,L,2021-09-21,647.95,2021-09-28,634.0,38,-530.1,EMA13,7
HCLTECH,L,2021-08-24,1167.95,2021-09-29,1270.0,21,2143.05,EMA13,36
BAJAJFINSV,L,2021-08-26,1600.05,2021-09-30,1750.0,15,2249.25,EMA13,35
BAJFINANCE,L,2021-09-29,752.9,2021-09-30,754.5,33,52.8,EMA13,1
KPITTECH,L,2021-09-28,353.05,2021-10-04,340.8,70,-857.5,EMA13,6
PRESTIGE,L,2021-09-28,502.0,2021-10-07,467.0,49,-1715.0,EMA13,9
DLF,L,2021-09-30,412.9,2021-10-20,416.9,60,240.0,EMA13,20
MCDOWELL-N,L,2021-10-04,868.95,2021-10-20,859.0,28,-278.6,EMA13,16
GODREJPROP,L,2021-09-30,2325.0,2021-10-21,2308.0,10,-170.0,EMA13,21
VOLTAS,L,2021-10-07,1231.0,2021-10-21,1234.2,20,64.0,EMA13,14
SUPREMEIND,L,2021-10-20,2594.0,2021-10-21,2415.0,9,-1611.0,EMA13,1
DIXON,L,2021-10-20,5720.0,2021-10-21,5260.0,4,-1840.0,EMA13,1
RELIANCE,L,2021-10-21,1258.69,2021-10-22,1209.13,19,-941.65,EMA13,1
NAUKRI,L,2021-10-21,1397.23,2021-10-22,1355.0,17,-717.91,EMA13,1
POWERGRID,L,2021-10-21,147.19,2021-10-22,146.93,169,-44.78,EMA13,1
RELIANCE,L,2021-10-22,1209.13,2021-10-25,1236.82,20,553.79,EMA13,3
NAUKRI,L,2021-10-25,1254.0,2021-10-26,1186.58,19,-1280.98,EMA13,1
HDFCBANK,L,2021-10-26,825.0,2021-10-28,825.0,30,0.0,EMA13,2
FINNIFTY,L,2021-10-22,19263.3,2021-10-29,18954.5,1,-308.8,EMA13,7
LT,L,2021-10-22,1816.0,2021-11-01,1776.0,13,-520.0,EMA13,10
CHOLAFIN,L,2021-11-01,630.0,2021-11-02,588.0,39,-1638.0,EMA13,1
BEL,L,2021-11-02,67.33,2021-11-03,67.32,371,-4.95,EMA13,1
SBIN,L,2021-10-22,504.6,2021-11-12,512.0,49,362.6,EMA13,21
MCDOWELL-N,L,2021-10-29,898.9,2021-11-16,936.5,27,1015.2,EMA13,18
LT,L,2021-11-01,1776.0,2021-11-22,1898.25,14,1711.5,EMA13,21
ABB,L,2021-11-10,2185.05,2021-11-23,2080.0,11,-1155.55,EMA13,13
INDHOTEL,L,2021-11-16,218.9,2021-11-23,200.1,114,-2143.2,EMA13,7
TATAMOTORS,L,2021-11-22,512.25,2021-11-23,484.4,48,-1336.8,EMA13,1
ATGL,L,2021-11-16,1626.0,2021-11-30,1556.0,15,-1050.0,EMA13,14
HDFCAMC,S,2021-11-24,1280.0,2021-12-06,1299.5,19,-370.5,EMA13,12
LUPIN,S,2021-11-29,930.1,2021-12-09,897.45,26,848.9,EMA13,10
BPCL,S,2021-12-06,193.68,2021-12-09,197.12,129,-444.4,EMA13,3
LUPIN,S,2021-12-09,897.45,2021-12-10,885.0,27,336.15,EMA13,1
HDFCAMC,S,2021-12-24,1194.68,2021-12-29,1207.5,20,-256.4,EMA13,5
TECHM,L,2022-01-05,1779.95,2022-01-06,1725.0,14,-769.3,EMA13,1
TECHM,L,2022-01-06,1725.0,2022-01-07,1702.0,14,-322.0,EMA13,1
GMRAIRPORT,L,2022-01-04,42.88,2022-01-10,41.8,582,-626.77,EMA13,6
HCLTECH,L,2022-01-07,1297.55,2022-01-18,1269.95,19,-524.4,EMA13,11
GMRAIRPORT,L,2022-01-10,41.8,2022-01-19,43.5,598,1016.6,EMA13,9
SUNPHARMA,L,2022-01-11,830.9,2022-01-20,839.3,30,252.0,EMA13,9
TITAN,L,2022-01-10,2585.0,2022-01-21,2548.0,9,-333.0,EMA13,11
TCS,L,2022-01-18,4033.95,2022-01-21,3807.0,6,-1361.7,EMA13,3
TCS,L,2022-01-21,3807.0,2022-01-24,3840.0,6,198.0,EMA13,3
ASIANPAINT,L,2022-01-21,3300.05,2022-01-24,3268.0,7,-224.35,EMA13,3
PIDILITIND,L,2022-01-20,1343.5,2022-01-25,1308.0,18,-639.0,EMA13,5
ICICIBANK,L,2022-01-20,803.0,2022-01-25,789.0,31,-434.0,EMA13,5
AUROPHARMA,S,2022-01-31,634.0,2022-02-02,661.0,39,-1053.0,EMA13,2
LTF,S,2022-01-31,75.55,2022-02-02,76.95,330,-462.0,EMA13,2
NYKAA,S,2022-02-01,279.17,2022-02-03,301.67,89,-2002.2,EMA13,2
HDFCAMC,S,2022-01-24,1189.9,2022-02-04,1156.1,21,709.8,EMA13,11
SBICARD,S,2022-02-10,868.0,2022-02-11,852.0,28,448.0,EMA13,1
HINDALCO,L,2022-02-02,515.0,2022-02-15,526.45,48,549.6,EMA13,13
CHOLAFIN,L,2022-02-03,639.2,2022-02-25,659.0,39,772.2,EMA13,22
NYKAA,S,2022-02-15,258.33,2022-03-04,249.0,96,895.68,EMA13,17
SBICARD,S,2022-03-07,720.0,2022-03-09,781.9,34,-2104.6,EMA13,2
HDFCAMC,S,2022-02-15,1086.0,2022-03-10,1092.5,23,-149.5,EMA13,23
SBICARD,S,2022-03-09,781.9,2022-03-10,809.45,31,-854.05,EMA13,1
LTF,S,2022-02-28,65.0,2022-03-11,65.4,384,-153.6,EMA13,11
LUPIN,S,2022-03-10,744.0,2022-03-11,738.0,33,198.0,EMA13,1
BPCL,S,2022-02-16,185.5,2022-03-14,179.9,134,750.4,EMA13,26
GLENMARK,S,2022-03-10,448.1,2022-03-14,454.7,55,-363.0,EMA13,4
PNB,S,2022-03-11,35.8,2022-03-14,36.3,698,-349.0,EMA13,3
SHREECEM,S,2022-03-11,22150.0,2022-03-17,23801.0,1,-1651.0,EMA13,6
TRENT,L,2022-03-29,1282.9,2022-04-11,1279.25,19,-69.35,EMA13,13
JSWSTEEL,L,2022-04-11,756.0,2022-04-21,744.0,33,-396.0,EMA13,10
SUNPHARMA,L,2022-03-22,913.8,2022-04-25,915.55,27,47.25,EMA13,34
HDFCLIFE,S,2022-04-29,575.35,2022-05-02,577.45,43,-90.3,EMA13,3
ADANIENT,L,2022-04-01,2018.0,2022-05-05,2270.0,12,3024.0,EMA13,34
ADANIENSOL,L,2022-03-21,2379.9,2022-05-10,2703.0,10,3231.0,EMA13,50
ZYDUSLIFE,S,2022-04-29,354.4,2022-05-17,345.15,70,647.5,EMA13,18
NYKAA,S,2022-05-05,284.17,2022-05-19,237.5,87,4060.29,EMA13,14
DRREDDY,S,2022-05-19,777.2,2022-05-23,849.82,32,-2323.84,EMA13,4
ETERNAL,S,2022-05-17,56.1,2022-05-24,64.52,445,-3744.68,SL,7
HDFCAMC,S,2022-05-10,963.0,2022-05-30,910.45,25,1313.75,EMA13,20
IDFCFIRSTB,S,2022-05-04,39.35,2022-05-31,36.4,635,1873.25,EMA13,27
PNB,S,2022-05-24,30.5,2022-05-31,31.55,819,-859.95,EMA13,7
NYKAA,S,2022-05-31,233.33,2022-06-01,250.13,107,-1797.96,EMA13,1
ETERNAL,S,2022-05-31,68.5,2022-06-01,78.77,364,-3740.1,SL,1
ETERNAL,S,2022-06-01,75.4,2022-06-02,74.4,331,331.0,EMA13,1
HINDPETRO,S,2022-05-30,154.03,2022-06-10,157.33,162,-535.14,EMA13,11
BPCL,S,2022-06-02,163.5,2022-06-10,165.38,152,-285.0,EMA13,8
AUROPHARMA,S,2022-05-23,561.5,2022-06-13,529.85,44,1392.6,EMA13,21
BPCL,S,2022-06-10,165.38,2022-06-13,163.95,151,215.93,EMA13,3
LUPIN,S,2022-06-01,621.55,2022-06-22,629.85,40,-332.0,EMA13,21
OFSS,S,2022-06-13,3110.0,2022-06-27,3160.0,8,-400.0,EMA13,14
IDFCFIRSTB,S,2022-06-20,31.75,2022-06-28,32.1,787,-275.45,EMA13,8
PFC,S,2022-06-27,82.8,2022-06-28,83.0,301,-60.2,EMA13,1
PNB,S,2022-06-22,29.35,2022-06-29,29.45,851,-85.1,EMA13,7
IDFCFIRSTB,S,2022-06-28,32.1,2022-06-29,31.5,778,466.8,EMA13,1
ICICIGI,S,2022-06-13,1120.3,2022-07-04,1149.0,22,-631.4,EMA13,21
GODREJPROP,S,2022-07-01,1167.0,2022-07-04,1227.8,21,-1276.8,EMA13,3
INDUSINDBK,S,2022-06-28,819.0,2022-07-05,833.0,30,-420.0,EMA13,7
MUTHOOTFIN,S,2022-07-04,1041.9,2022-07-05,1072.0,23,-692.3,EMA13,1
GODREJPROP,S,2022-07-04,1227.8,2022-07-05,1236.6,20,-176.0,EMA13,1
INDUSINDBK,S,2022-07-05,833.0,2022-07-06,829.8,30,96.0,EMA13,1
IRFC,S,2022-06-29,19.55,2022-07-07,20.0,1278,-575.1,EMA13,8
HINDPETRO,S,2022-07-08,162.73,2022-07-11,160.67,153,315.69,EMA13,3
AUROPHARMA,S,2022-07-14,559.45,2022-07-15,550.05,44,413.6,EMA13,1
DIVISLAB,S,2022-07-14,3784.0,2022-07-15,3747.0,6,222.0,EMA13,1
DIVISLAB,S,2022-07-15,3747.0,2022-07-18,3765.0,6,-108.0,EMA13,3
INDUSINDBK,S,2022-07-14,823.1,2022-07-19,841.0,30,-537.0,EMA13,5
M&M,L,2022-07-11,1128.95,2022-07-26,1134.0,22,111.1,EMA13,15
M&M,L,2022-07-26,1134.0,2022-07-27,1140.0,22,132.0,EMA13,1
TIINDIA,L,2022-07-20,2249.0,2022-08-02,2023.6,11,-2479.4,EMA13,13
SIEMENS,L,2022-07-19,1591.36,2022-08-04,1552.47,15,-583.4,EMA13,16
ABB,L,2022-07-27,2713.4,2022-08-04,2689.0,9,-219.6,EMA13,8
ABB,L,2022-08-04,2689.0,2022-08-05,2683.6,9,-48.6,EMA13,1
ITC,L,2022-08-02,298.5,2022-08-12,294.89,83,-299.4,EMA13,10
TVSMOTOR,L,2022-08-08,949.9,2022-08-23,930.0,24,-477.6,EMA13,15
INDHOTEL,L,2022-08-12,277.75,2022-08-23,264.5,90,-1192.5,EMA13,11
SIEMENS,L,2022-08-26,1705.82,2022-08-30,1687.04,12,-225.4,EMA13,4
ADANIENSOL,L,2022-07-19,2965.0,2022-09-22,3877.95,8,7303.6,EMA13,65
BEL,L,2022-08-24,100.0,2022-09-22,108.6,250,2150.0,EMA13,29
ADANIENT,L,2022-08-05,2760.0,2022-09-27,3596.0,9,7524.0,EMA13,53
ITC,L,2022-09-02,306.88,2022-09-27,322.58,68,1067.37,EMA13,25
TRENT,L,2022-09-22,1461.95,2022-09-27,1419.4,17,-723.35,EMA13,5
AUROPHARMA,S,2022-09-30,512.25,2022-10-04,536.0,48,-1140.0,EMA13,4
WIPRO,S,2022-09-27,198.4,2022-10-06,204.68,126,-790.65,EMA13,9
NYKAA,S,2022-09-28,214.5,2022-10-06,219.42,116,-570.33,EMA13,8
MPHASIS,S,2022-10-04,2040.0,2022-10-06,2079.0,12,-468.0,EMA13,2
OFSS,S,2022-09-29,2985.0,2022-10-07,3038.55,8,-428.4,EMA13,8
POLYCAB,L,2022-10-06,2650.0,2022-10-12,2580.0,9,-630.0,EMA13,6
KPITTECH,L,2022-10-10,672.95,2022-10-12,643.7,37,-1082.25,EMA13,2
RVNL,L,2022-10-06,36.0,2022-10-21,35.95,694,-34.7,EMA13,15
ABB,L,2022-10-10,3281.95,2022-10-21,3145.55,7,-954.8,EMA13,11
HINDPETRO,S,2022-10-12,140.1,2022-10-27,140.0,178,17.8,EMA13,15
OFSS,S,2022-10-12,2901.0,2022-11-03,2970.0,8,-552.0,EMA13,22
TVSMOTOR,L,2022-10-21,1148.0,2022-11-03,1111.65,21,-763.35,EMA13,13
POLYCAB,L,2022-10-21,2650.0,2022-11-07,2754.45,9,940.05,EMA13,17
CIPLA,L,2022-11-03,1152.2,2022-11-07,1146.1,21,-128.1,EMA13,4
CIPLA,L,2022-11-07,1146.1,2022-11-09,1141.1,21,-105.0,EMA13,2
ITC,L,2022-11-03,340.87,2022-11-15,336.01,73,-354.83,EMA13,12
ITC,L,2022-11-15,336.01,2022-11-16,332.88,74,-231.64,EMA13,1
TORNTPHARM,L,2022-11-16,1654.0,2022-11-17,1623.75,15,-453.75,EMA13,1
SJVN,L,2022-11-07,36.4,2022-11-18,35.75,686,-445.9,EMA13,11
ATGL,L,2022-11-09,3800.4,2022-11-21,3615.0,6,-1112.4,EMA13,12
DIXON,L,2022-11-18,4386.0,2022-11-21,4345.9,5,-200.5,EMA13,3
CUMMINSIND,L,2022-11-17,1361.0,2022-11-22,1328.75,18,-580.5,EMA13,5
AMBUJACEM,L,2022-11-23,567.8,2022-11-24,564.25,44,-156.2,EMA13,1
BHARTIARTL,L,2022-11-21,837.0,2022-11-29,839.0,29,58.0,EMA13,8
ICICIBANK,L,2022-11-23,927.0,2022-12-05,937.0,26,260.0,EMA13,12
CANBK,L,2022-12-01,63.4,2022-12-08,63.1,394,-118.2,EMA13,7
RVNL,L,2022-10-27,39.9,2022-12-12,66.5,626,16651.6,EMA13,46
SJVN,L,2022-12-05,40.65,2022-12-12,38.15,615,-1537.5,EMA13,7
INDIANB,L,2022-12-12,273.45,2022-12-13,272.0,91,-131.95,EMA13,1
BANKBARODA,L,2022-11-24,169.15,2022-12-22,178.45,147,1367.1,EMA13,28
LT,L,2022-12-12,2148.9,2022-12-22,2144.0,11,-53.9,EMA13,10
BHARATFORG,L,2022-12-13,873.95,2022-12-22,880.0,28,169.4,EMA13,9
AXISBANK,L,2022-12-13,940.2,2022-12-23,912.0,26,-733.2,EMA13,10
AMBUJACEM,L,2022-12-22,543.5,2022-12-23,528.95,45,-654.75,EMA13,1
BHARATFORG,L,2022-12-22,880.0,2022-12-23,857.95,28,-617.4,EMA13,1
KPITTECH,L,2022-12-22,710.5,2022-12-26,650.95,35,-2084.25,EMA13,4
NYKAA,S,2022-12-27,153.3,2022-12-30,159.0,163,-929.1,EMA13,3
SBICARD,S,2023-01-05,787.95,2023-01-16,788.45,31,-15.5,EMA13,11
JINDALSTEL,L,2023-01-03,593.0,2023-01-17,590.0,42,-126.0,EMA13,14
JUBLFOOD,S,2023-01-06,503.8,2023-01-19,502.0,49,88.2,EMA13,13
BERGEPAINT,S,2023-01-16,471.38,2023-01-19,479.08,53,-408.28,EMA13,3
CUMMINSIND,L,2023-01-19,1488.0,2023-01-23,1447.55,16,-647.2,EMA13,4
NYKAA,S,2023-01-27,130.0,2023-02-01,137.0,192,-1344.0,EMA13,5
VOLTAS,S,2023-02-01,803.5,2023-02-02,794.0,31,294.5,EMA13,1
BERGEPAINT,S,2023-01-23,465.79,2023-02-06,465.83,53,-2.3,EMA13,14
IDEA,S,2023-01-27,6.8,2023-02-06,7.82,3676,-3749.52,SL,10
SBICARD,S,2023-02-02,740.0,2023-02-06,755.0,33,-495.0,EMA13,4
BERGEPAINT,S,2023-02-06,465.83,2023-02-07,470.83,53,-265.18,EMA13,1
IDEA,S,2023-02-06,7.5,2023-02-07,8.55,3333,-3499.65,EMA13,1
IDEA,S,2023-02-07,8.55,2023-02-08,8.05,2923,1461.5,EMA13,1
ETERNAL,S,2023-01-05,56.95,2023-02-09,54.7,438,985.5,EMA13,35
AUROPHARMA,S,2023-02-06,404.0,2023-02-09,445.05,61,-2504.05,EMA13,3
BIOCON,S,2023-02-07,242.25,2023-02-09,241.65,103,61.8,EMA13,2
JUBLFOOD,S,2023-02-10,459.9,2023-02-17,464.0,54,-221.4,EMA13,7
CUMMINSIND,L,2023-02-17,1638.0,2023-02-27,1570.0,15,-1020.0,EMA13,10
COLPAL,S,2023-02-24,1454.05,2023-02-27,1460.0,17,-101.15,EMA13,3
LICI,S,2023-02-13,310.5,2023-03-02,300.95,80,764.0,EMA13,17
ADANIENSOL,S,2023-03-02,700.0,2023-03-08,815.0,35,-4025.0,SL_gap,6
ICICIPRULI,S,2023-02-24,404.0,2023-03-17,411.7,61,-469.7,EMA13,21
ICICIPRULI,S,2023-03-17,411.7,2023-03-20,405.9,59,342.2,EMA13,3
HDFCAMC,S,2023-02-27,911.58,2023-03-22,883.5,27,758.16,EMA13,23
ICICIGI,S,2023-03-08,1092.5,2023-03-22,1083.15,22,205.7,EMA13,14
HDFCLIFE,S,2023-03-20,470.0,2023-03-22,483.0,52,-676.0,EMA13,2
HDFCAMC,S,2023-03-22,883.5,2023-03-23,881.0,28,70.0,EMA13,1
HDFCLIFE,S,2023-03-22,483.0,2023-03-23,497.45,51,-736.95,EMA13,1
BAJFINANCE,S,2023-03-22,574.98,2023-03-23,580.95,42,-250.74,EMA13,1
BAJFINANCE,S,2023-03-23,580.95,2023-03-24,580.39,43,24.08,EMA13,1
KOTAKBANK,S,2023-03-24,335.21,2023-03-28,341.79,74,-486.92,EMA13,4
BIOCON,S,2023-02-27,226.3,2023-04-05,207.8,110,2035.0,EMA13,37
HDFCAMC,S,2023-03-27,835.0,2023-04-05,862.75,27,-749.25,EMA13,9
BAJFINANCE,S,2023-03-28,562.1,2023-04-05,583.2,44,-928.4,EMA13,8
IDEA,S,2023-03-23,6.55,2023-04-06,6.2,3816,1335.6,EMA13,14
CUMMINSIND,L,2023-04-10,1593.1,2023-04-11,1589.2,15,-58.5,EMA13,1
ABB,L,2023-04-10,3419.9,2023-04-12,3293.9,7,-882.0,EMA13,2
ITC,L,2023-04-28,402.5,2023-05-19,405.34,62,176.03,EMA13,21
RVNL,L,2023-04-19,75.4,2023-05-22,116.5,331,13604.1,EMA13,33
SIEMENS,L,2023-05-22,2113.26,2023-05-23,2005.75,11,-1182.63,EMA13,1
HAL,L,2023-05-19,1555.0,2023-05-25,1506.22,16,-780.4,EMA13,6
POLYCAB,L,2023-04-26,3150.0,2023-06-20,3540.0,7,2730.0,EMA13,55
TVSMOTOR,L,2023-05-25,1265.0,2023-06-23,1327.65,19,1190.35,EMA13,29
CHOLAFIN,L,2023-04-18,833.35,2023-06-26,1090.0,29,7442.85,EMA13,69
BEL,L,2023-05-23,110.95,2023-06-26,121.0,225,2261.25,EMA13,34
HAL,L,2023-06-20,1949.5,2023-06-26,1821.5,12,-1536.0,EMA13,6
IDFCFIRSTB,L,2023-06-23,77.6,2023-07-05,78.5,322,289.8,EMA13,12
TRENT,L,2023-06-26,1726.85,2023-07-10,1714.95,14,-166.6,EMA13,14
DRREDDY,L,2023-06-26,997.98,2023-07-17,1019.93,25,548.75,EMA13,21
TITAN,L,2023-07-10,3155.0,2023-07-17,3070.0,7,-595.0,EMA13,7
BHARTIARTL,L,2023-07-05,868.0,2023-07-19,875.45,28,208.6,EMA13,14
TIINDIA,L,2023-06-26,3174.9,2023-07-20,3194.2,7,135.1,EMA13,24
TVSMOTOR,L,2023-07-19,1348.6,2023-07-25,1333.0,18,-280.8,EMA13,6
SUPREMEIND,L,2023-07-17,3321.1,2023-07-31,3396.8,7,529.9,EMA13,14
FINNIFTY,L,2023-07-25,20607.1,2023-07-31,20303.6,1,-303.5,EMA13,6
DLF,L,2023-07-31,516.95,2023-08-02,495.55,48,-1027.2,EMA13,2
APLAPOLLO,L,2023-07-18,1378.7,2023-08-08,1485.0,18,1913.4,EMA13,21
SJVN,L,2023-07-20,49.0,2023-08-10,53.75,510,2422.5,EMA13,21
OBEROIRLTY,L,2023-08-02,1081.0,2023-08-10,1092.9,23,273.7,EMA13,8
SUNPHARMA,L,2023-07-31,1140.0,2023-08-14,1131.0,21,-189.0,EMA13,14
DRREDDY,L,2023-08-08,1130.4,2023-08-28,1156.0,22,563.2,EMA13,20
INDIANB,L,2023-08-14,388.0,2023-08-30,395.0,64,448.0,EMA13,16
GMRAIRPORT,L,2023-08-11,53.6,2023-09-13,59.55,466,2772.7,EMA13,33
APLAPOLLO,L,2023-08-30,1615.1,2023-09-13,1625.0,15,148.5,EMA13,14
MCDOWELL-N,L,2023-09-13,1036.95,2023-09-14,1032.5,24,-106.8,EMA13,1
TATAPOWER,L,2023-09-13,263.5,2023-09-22,257.15,94,-596.9,EMA13,9
BHARATFORG,L,2023-08-29,1056.0,2023-09-25,1090.95,23,803.85,EMA13,27
TITAN,L,2023-09-22,3298.8,2023-09-28,3217.5,7,-569.1,EMA13,6
IRFC,L,2023-08-10,48.95,2023-10-05,75.75,510,13668.0,EMA13,56
BAJAJ-AUTO,L,2023-09-25,5000.0,2023-10-05,4935.0,5,-325.0,EMA13,10
INDIANB,L,2023-09-28,431.8,2023-10-10,408.0,57,-1356.6,EMA13,12
LTTS,L,2023-10-11,4823.95,2023-10-17,4719.9,5,-520.25,EMA13,6
LT,L,2023-09-14,2924.9,2023-10-19,3025.6,8,805.6,EMA13,35
TITAN,L,2023-10-09,3294.7,2023-10-23,3246.2,7,-339.5,EMA13,14
MFSL,L,2023-10-11,898.6,2023-10-25,890.0,27,-232.2,EMA13,14
POWERGRID,L,2023-10-17,203.55,2023-10-25,199.0,122,-555.1,EMA13,8
LUPIN,L,2023-10-19,1185.1,2023-10-25,1190.0,21,102.9,EMA13,6
DABUR,S,2023-11-02,519.75,2023-11-03,534.1,48,-688.8,EMA13,1
UPL,S,2023-11-02,535.35,2023-11-16,561.75,46,-1214.4,EMA13,14
BIOCON,S,2023-11-06,225.6,2023-11-16,229.6,110,-440.0,EMA13,10
ATGL,S,2023-10-30,568.0,2023-11-29,700.0,44,-5808.0,SL_gap,30
ADANIENSOL,S,2023-11-08,765.0,2023-11-29,899.0,32,-4288.0,SL_gap,21
POWERGRID,L,2023-11-16,206.7,2023-12-01,211.5,120,576.0,EMA13,15
TORNTPHARM,L,2023-11-29,2081.0,2023-12-07,2085.4,12,52.8,EMA13,8
TORNTPOWER,L,2023-11-29,860.0,2023-12-14,918.5,29,1696.5,EMA13,15
SBILIFE,L,2023-12-14,1473.0,2023-12-19,1444.95,16,-448.8,EMA13,5
HAL,L,2023-12-01,2495.0,2023-12-21,2639.0,10,1440.0,EMA13,20
POWERGRID,L,2023-12-19,232.15,2023-12-21,224.45,107,-823.9,EMA13,2
NTPC,L,2023-12-07,281.85,2024-01-17,309.75,88,2455.2,EMA13,41
TITAN,L,2023-12-21,3524.1,2024-01-24,3764.0,7,1679.3,EMA13,34
BOSCHLTD,L,2024-01-17,23000.0,2024-01-24,22821.2,1,-178.8,EMA13,7
TORNTPHARM,L,2024-01-24,2493.35,2024-01-30,2441.45,10,-519.0,EMA13,6
GODREJPROP,L,2024-01-30,2453.7,2024-02-06,2344.0,10,-1097.0,EMA13,7
HEROMOTOCO,L,2024-01-24,4429.0,2024-02-21,4594.65,5,828.25,EMA13,28
BAJAJ-AUTO,L,2023-11-16,5520.0,2024-02-29,7997.4,4,9909.6,EMA13,105
ONGC,L,2024-02-06,265.35,2024-02-29,265.0,94,-32.9,EMA13,23
POWERGRID,L,2024-02-21,287.55,2024-02-29,279.6,86,-683.7,EMA13,8
ICICIGI,L,2024-03-01,1724.4,2024-03-04,1651.95,14,-1014.3,EMA13,3
AMBUJACEM,L,2024-03-04,621.25,2024-03-07,598.3,40,-918.0,EMA13,3
MCDOWELL-N,L,2024-02-29,1136.0,2024-03-11,1146.05,22,221.1,EMA13,11
M&M,L,2024-03-11,1913.0,2024-03-12,1892.0,13,-273.0,EMA13,1
SBIN,L,2024-03-07,790.0,2024-03-13,758.65,31,-971.85,EMA13,6
TATACONSUM,L,2024-02-29,1166.95,2024-03-14,1160.05,21,-144.9,EMA13,14
TORNTPOWER,L,2024-03-13,1205.5,2024-03-14,1132.4,20,-1462.0,EMA13,1
ADANIPORTS,L,2024-03-14,1210.0,2024-03-15,1273.8,20,1276.0,EMA13,1
ADANIPORTS,L,2024-03-15,1273.8,2024-03-18,1250.0,19,-452.2,EMA13,3
TATACONSUM,L,2024-03-14,1160.05,2024-03-19,1184.9,21,521.85,EMA13,5
ADANIPORTS,L,2024-03-18,1250.0,2024-03-19,1271.05,20,421.0,EMA13,1
SIEMENS,L,2024-03-12,2785.31,2024-03-20,2740.52,8,-358.28,EMA13,8
ADANIPORTS,L,2024-03-19,1271.05,2024-03-20,1248.0,19,-437.95,EMA13,1
SBICARD,S,2024-03-20,694.3,2024-03-26,699.95,36,-203.4,EMA13,6
AUBANK,S,2024-03-21,568.4,2024-04-02,593.0,43,-1057.8,EMA13,12
ZYDUSLIFE,L,2023-12-21,657.55,2024-04-04,987.1,38,12522.9,EMA13,105
RELIANCE,L,2024-03-28,1492.88,2024-04-05,1460.88,16,-512.08,EMA13,8
LTTS,L,2024-04-03,5567.0,2024-04-16,5420.0,4,-588.0,EMA13,13
DIXON,L,2024-04-04,7700.0,2024-04-18,7419.0,3,-843.0,EMA13,14
ETERNAL,L,2024-04-05,188.25,2024-04-19,182.3,132,-785.4,EMA13,14
INDIGO,L,2024-04-16,3589.7,2024-04-22,3620.05,6,182.1,EMA13,6
TORNTPOWER,L,2024-03-19,1192.2,2024-04-23,1491.0,20,5976.0,EMA13,35
HINDUNILVR,S,2024-04-19,2220.0,2024-04-24,2266.05,11,-506.55,EMA13,5
M&M,L,2024-04-22,2124.55,2024-04-29,2045.5,11,-869.55,EMA13,7
GLENMARK,L,2024-04-24,1036.0,2024-05-07,1043.75,24,186.0,EMA13,13
PETRONET,L,2024-04-18,310.0,2024-05-08,295.15,80,-1188.0,EMA13,20
TATASTEEL,L,2024-04-29,168.2,2024-05-08,164.2,148,-592.0,EMA13,9
IRCTC,L,2024-05-07,1025.0,2024-05-08,989.0,24,-864.0,EMA13,1
GODREJPROP,L,2024-05-08,2755.0,2024-05-27,2750.0,9,-45.0,EMA13,19
PRESTIGE,L,2024-05-08,1470.0,2024-05-29,1534.6,17,1098.2,EMA13,21
POLYCAB,L,2024-04-23,5430.0,2024-06-05,6598.0,4,4672.0,EMA13,43
HAVELLS,L,2024-05-08,1670.95,2024-06-05,1774.05,14,1443.4,EMA13,28
BHARATFORG,L,2024-05-27,1589.9,2024-06-05,1490.0,15,-1498.5,EMA13,9
MCDOWELL-N,L,2024-06-18,1265.0,2024-06-19,1255.0,19,-190.0,EMA13,1
MARUTI,L,2024-06-19,12610.0,2024-06-20,12246.0,1,-364.0,EMA13,1
UBL,L,2024-06-19,2104.1,2024-06-26,1983.5,11,-1326.6,EMA13,7
ESCORTS,L,2024-05-29,3602.0,2024-06-28,4146.0,6,3264.0,EMA13,30
HAVELLS,L,2024-06-26,1901.2,2024-06-28,1863.0,13,-496.6,EMA13,2
BHARATFORG,L,2024-06-20,1704.0,2024-07-01,1673.1,14,-432.6,EMA13,11
HAVELLS,L,2024-06-28,1863.0,2024-07-01,1821.55,13,-538.85,EMA13,3
EICHERMOT,L,2024-07-01,4640.0,2024-07-02,4635.9,5,-20.5,EMA13,1
COROMANDEL,L,2024-06-10,1405.0,2024-07-18,1591.5,17,3170.5,EMA13,38
ULTRACEMCO,L,2024-07-01,11669.0,2024-07-22,11289.9,2,-758.2,EMA13,21
GODREJPROP,L,2024-07-02,3194.9,2024-07-22,3240.0,7,315.7,EMA13,20
KPITTECH,L,2024-07-18,1860.0,2024-07-26,1805.0,13,-715.0,EMA13,8
BRITANNIA,L,2024-07-22,5877.95,2024-08-01,5784.45,4,-374.0,EMA13,10
OFSS,L,2024-06-28,9875.0,2024-08-02,10800.8,2,1851.6,EMA13,35
PERSISTENT,L,2024-07-22,4583.45,2024-08-05,4444.0,5,-697.25,EMA13,14
DRREDDY,L,2024-08-05,1386.02,2024-08-16,1366.21,18,-356.58,EMA13,11
AUROPHARMA,L,2024-08-16,1525.0,2024-09-06,1533.8,16,140.8,EMA13,21
HINDPETRO,L,2024-09-06,448.8,2024-09-12,415.0,55,-1859.0,EMA13,6
COLPAL,L,2024-08-02,3365.0,2024-09-16,3634.95,7,1889.65,EMA13,45
TORNTPHARM,L,2024-07-26,3090.55,2024-09-19,3348.1,8,2060.4,EMA13,55
LUPIN,L,2024-08-01,1911.0,2024-09-19,2224.0,13,4069.0,EMA13,49
DABUR,L,2024-09-12,663.95,2024-09-19,655.0,37,-331.15,EMA13,7
PIDILITIND,L,2024-09-16,1660.0,2024-09-19,1612.5,15,-712.5,EMA13,3
INFY,L,2024-09-19,1910.6,2024-09-20,1905.0,13,-72.8,EMA13,1
MPHASIS,L,2024-09-19,3035.0,2024-09-20,3019.9,8,-120.8,EMA13,1
PIIND,L,2024-09-20,4688.0,2024-09-25,4615.5,5,-362.5,EMA13,5
TITAN,L,2024-09-25,3800.0,2024-09-26,3738.0,6,-372.0,EMA13,1
HEROMOTOCO,L,2024-09-19,6000.0,2024-10-01,5712.4,4,-1150.4,EMA13,12
SHRIRAMFIN,L,2024-09-20,707.8,2024-10-04,681.4,35,-924.0,EMA13,14
MCDOWELL-N,L,2024-09-20,1544.0,2024-10-04,1565.0,16,336.0,EMA13,14
APOLLOHOSP,L,2024-10-01,7201.5,2024-10-04,6902.1,3,-898.2,EMA13,3
APOLLOHOSP,L,2024-10-04,6902.1,2024-10-07,6801.0,3,-303.3,EMA13,3
COFORGE,L,2024-10-04,1410.0,2024-10-17,1446.0,17,612.0,EMA13,13
SIEMENS,L,2024-10-16,4619.72,2024-10-22,4391.7,5,-1140.12,EMA13,6
DIVISLAB,L,2024-09-26,5410.0,2024-10-23,5804.4,4,1577.6,EMA13,27
BSE,L,2024-10-04,1326.67,2024-10-23,1370.0,18,779.94,EMA13,19
ATGL,S,2024-10-24,695.65,2024-10-25,754.85,35,-2072.0,EMA13,1
YESBANK,S,2024-10-24,20.03,2024-10-30,20.1,1248,-87.36,EMA13,6
IDEA,S,2024-11-01,8.28,2024-11-04,8.49,3019,-633.99,EMA13,3
ATGL,S,2024-10-25,754.85,2024-11-07,742.3,33,414.15,EMA13,13
IDEA,S,2024-11-26,7.66,2024-11-27,7.72,3263,-195.78,EMA13,1
LICI,S,2024-11-26,452.52,2024-11-27,455.0,55,-136.4,EMA13,1
YESBANK,S,2024-11-26,19.2,2024-11-27,20.14,1302,-1223.88,EMA13,1
ADANIENSOL,S,2024-11-28,689.9,2024-11-29,793.38,36,-3725.46,SL,1
ATGL,S,2024-11-28,715.55,2024-11-29,822.88,34,-3649.3,SL,1
ADANIENSOL,S,2024-11-29,748.0,2024-12-02,844.9,33,-3197.7,EMA13,3
ADANIENSOL,S,2024-12-02,844.9,2024-12-03,807.05,29,1097.65,EMA13,1
DIVISLAB,L,2024-12-04,6225.0,2024-12-10,5989.45,4,-942.2,EMA13,6
TECHM,L,2024-12-06,1797.0,2024-12-20,1770.0,13,-351.0,EMA13,14
NAUKRI,L,2024-12-06,1716.8,2024-12-23,1701.18,14,-218.68,EMA13,17
HCLTECH,L,2024-12-11,1926.25,2024-12-23,1918.5,12,-93.0,EMA13,12
DABUR,S,2024-12-23,502.7,2024-12-26,510.45,49,-379.75,EMA13,3
AUBANK,S,2024-12-26,554.6,2024-12-31,561.95,45,-330.75,EMA13,5
IDFCFIRSTB,S,2024-12-26,62.41,2024-12-31,63.5,400,-436.0,EMA13,5
INDUSINDBK,S,2024-12-27,933.05,2024-12-31,958.0,26,-648.7,EMA13,4
BERGEPAINT,S,2024-12-31,447.5,2025-01-02,459.0,55,-632.5,EMA13,2
AUBANK,S,2024-12-31,561.95,2025-01-02,569.75,44,-343.2,EMA13,2
NESTLEIND,S,2024-12-31,1077.5,2025-01-03,1100.1,23,-519.8,EMA13,3
RELIANCE,S,2025-01-03,1243.9,2025-01-06,1253.95,20,-201.0,EMA13,3
COFORGE,L,2024-12-11,1800.0,2025-01-10,1875.0,13,975.0,EMA13,30
HINDUNILVR,S,2025-01-10,2435.4,2025-01-13,2417.05,10,183.5,EMA13,3
ADANIGREEN,S,2025-01-15,1040.0,2025-01-16,1107.05,24,-1609.2,EMA13,1
ACC,S,2025-01-03,2070.15,2025-01-20,2015.9,12,651.0,EMA13,17
DABUR,S,2025-01-20,528.65,2025-01-21,522.05,47,310.2,EMA13,1
YESBANK,S,2025-01-21,19.08,2025-01-30,18.79,1310,379.9,EMA13,9
INDUSINDBK,S,2025-01-29,935.7,2025-01-31,957.55,26,-568.1,EMA13,2
IDFCFIRSTB,S,2025-01-30,59.8,2025-01-31,61.21,418,-589.38,EMA13,1
LICI,S,2025-01-29,412.2,2025-02-01,423.0,60,-648.0,EMA13,3
ACC,S,2025-01-31,1996.0,2025-02-01,2010.0,12,-168.0,EMA13,1
SAIL,S,2025-02-04,104.0,2025-02-05,106.68,240,-643.2,EMA13,1
ADANIENT,S,2025-01-31,2238.85,2025-02-06,2340.0,11,-1112.65,EMA13,6
MUTHOOTFIN,L,2025-02-06,2267.0,2025-02-11,2249.8,11,-189.2,EMA13,5
SAIL,S,2025-02-13,105.38,2025-02-14,110.1,237,-1118.64,EMA13,1
LICI,S,2025-02-18,382.58,2025-03-06,384.0,65,-92.3,EMA13,16
ACC,S,2025-02-19,1851.0,2025-03-07,1869.85,13,-245.05,EMA13,16
RELIANCE,S,2025-03-07,1216.0,2025-03-10,1245.0,20,-580.0,EMA13,3
TATACOMM,S,2025-03-06,1402.15,2025-03-12,1487.0,17,-1442.45,EMA13,6
TATAMOTORS,S,2025-02-01,719.5,2025-03-13,670.65,34,1660.9,EMA13,40
CONCOR,S,2025-02-01,625.56,2025-03-20,550.44,39,2929.68,EMA13,47
YESBANK,S,2025-03-12,16.4,2025-03-20,17.26,1524,-1310.64,EMA13,8
IDEA,S,2025-03-13,7.11,2025-03-20,7.55,3516,-1547.04,EMA13,7
SUPREMEIND,S,2025-03-20,3460.0,2025-03-21,3482.0,7,-154.0,EMA13,1
LICI,S,2025-03-20,387.5,2025-03-21,392.3,64,-307.2,EMA13,1
YESBANK,S,2025-03-20,17.26,2025-03-21,16.97,1448,419.92,EMA13,1
IDFCFIRSTB,S,2025-03-10,57.3,2025-03-24,56.6,436,305.2,EMA13,14
SRF,L,2025-03-21,3002.0,2025-03-26,2937.1,8,-519.2,EMA13,5
JSWSTEEL,L,2025-04-02,1058.1,2025-04-04,1032.3,23,-593.4,EMA13,2
MUTHOOTFIN,L,2025-03-28,2360.0,2025-04-08,2314.05,10,-459.5,EMA13,11
COROMANDEL,L,2025-04-01,1987.9,2025-04-08,2015.0,12,325.2,EMA13,7
ICICIBANK,L,2025-04-02,1322.15,2025-04-08,1299.85,18,-401.4,EMA13,6
INDIGO,L,2025-04-04,5055.95,2025-04-08,5108.0,4,208.2,EMA13,4
IDFCFIRSTB,S,2025-04-08,57.65,2025-04-09,57.56,433,38.97,EMA13,1
ICICIPRULI,S,2025-04-08,542.9,2025-04-11,571.5,46,-1315.6,EMA13,3
CONCOR,S,2025-04-08,531.84,2025-04-11,563.6,47,-1492.72,EMA13,3
HEROMOTOCO,S,2025-04-08,3600.0,2025-04-15,3749.0,6,-894.0,EMA13,7
BHARATFORG,S,2025-04-15,1041.0,2025-04-16,1075.7,24,-832.8,EMA13,1
TATAMOTORS,S,2025-04-11,610.0,2025-04-22,630.25,40,-810.0,EMA13,11
TIINDIA,S,2025-04-15,2583.9,2025-04-23,2662.5,9,-707.4,EMA13,8
TCS,S,2025-04-09,3260.55,2025-04-24,3401.1,7,-983.85,EMA13,15
INDIGO,L,2025-04-28,5254.0,2025-04-30,5262.0,4,32.0,EMA13,2
SHRIRAMFIN,L,2025-04-29,625.0,2025-04-30,614.7,40,-412.0,EMA13,1
BAJFINANCE,L,2025-04-25,931.05,2025-05-02,857.55,26,-1911.0,EMA13,7
SHRIRAMFIN,L,2025-04-30,614.7,2025-05-02,611.7,40,-120.0,EMA13,2
TVSMOTOR,L,2025-05-05,2731.8,2025-05-09,2645.0,9,-781.2,EMA13,4
ICICIBANK,L,2025-05-02,1426.9,2025-05-12,1409.4,17,-297.5,EMA13,10
BHARTIARTL,L,2025-05-02,1852.0,2025-05-12,1868.9,13,219.7,EMA13,10
HDFCBANK,L,2025-05-09,955.05,2025-05-12,958.8,26,97.5,EMA13,3
TVSMOTOR,L,2025-05-16,2799.9,2025-05-21,2761.1,8,-310.4,EMA13,5
BSE,L,2025-05-13,2333.33,2025-05-23,2358.0,10,246.7,EMA13,10
COROMANDEL,L,2025-04-17,2130.0,2025-05-30,2321.2,11,2103.2,EMA13,43
SBILIFE,L,2025-06-03,1809.8,2025-06-04,1775.0,13,-452.4,EMA13,1
HDFCAMC,L,2025-06-02,2375.0,2025-06-05,2381.0,10,60.0,EMA13,3
SBILIFE,L,2025-06-04,1775.0,2025-06-05,1782.0,14,98.0,EMA13,1
MCDOWELL-N,L,2025-06-05,1581.0,2025-06-12,1505.0,15,-1140.0,EMA13,7
BSE,L,2025-05-23,2358.0,2025-06-13,2653.0,10,2950.0,EMA13,21
APLAPOLLO,L,2025-06-05,1900.0,2025-06-13,1815.0,13,-1105.0,EMA13,8
DIVISLAB,L,2025-06-02,6614.5,2025-06-18,6548.0,3,-199.5,EMA13,16
UNIONBANK,L,2025-07-01,153.41,2025-07-09,147.85,162,-900.72,EMA13,8
BEL,L,2025-06-26,408.95,2025-07-10,418.45,61,579.5,EMA13,14
COFORGE,L,2025-07-02,1920.1,2025-07-11,1887.7,13,-421.2,EMA13,9
ASHOKLEY,L,2025-07-10,126.95,2025-07-14,125.0,196,-382.2,EMA13,4
COFORGE,L,2025-07-11,1887.7,2025-07-14,1863.0,13,-321.1,EMA13,3
DIVISLAB,L,2025-07-09,6930.0,2025-07-15,6800.0,3,-390.0,EMA13,6
DIVISLAB,L,2025-07-15,6800.0,2025-07-16,6790.0,3,-30.0,EMA13,1
INDIGO,L,2025-07-14,5917.0,2025-07-18,5818.0,4,-396.0,EMA13,4
ASHOKLEY,L,2025-07-16,125.4,2025-07-18,123.7,199,-338.3,EMA13,2
HINDPETRO,L,2025-07-17,446.05,2025-07-21,433.0,56,-730.8,EMA13,4
MFSL,L,2025-07-18,1529.9,2025-07-21,1532.0,16,33.6,EMA13,3
CUMMINSIND,L,2025-07-24,3616.4,2025-07-28,3535.9,6,-483.0,EMA13,4
MUTHOOTFIN,L,2025-06-16,2603.0,2025-07-29,2647.0,9,396.0,EMA13,43
COROMANDEL,L,2025-07-25,2469.3,2025-08-07,2504.8,10,355.0,EMA13,13
TATAMOTORS,S,2025-08-12,651.1,2025-08-14,666.0,38,-566.2,EMA13,2
COLPAL,S,2025-08-14,2171.5,2025-08-19,2231.9,11,-664.4,EMA13,5
TCS,S,2025-07-29,3060.0,2025-08-21,3130.0,8,-560.0,EMA13,23
INFY,S,2025-08-05,1478.7,2025-08-21,1508.0,16,-468.8,EMA13,16
MFSL,L,2025-08-22,1651.0,2025-08-29,1612.8,15,-573.0,EMA13,7
CONCOR,S,2025-08-29,531.25,2025-09-03,546.0,47,-693.25,EMA13,5
RECLTD,S,2025-09-03,365.3,2025-09-09,370.8,68,-374.0,EMA13,6
CUMMINSIND,L,2025-08-22,3904.0,2025-09-23,3990.0,6,516.0,EMA13,32
TVSMOTOR,L,2025-08-22,3281.0,2025-09-25,3453.0,7,1204.0,EMA13,34
LTF,L,2025-08-21,216.4,2025-09-29,235.05,115,2144.75,EMA13,39
EICHERMOT,L,2025-10-06,6941.0,2025-10-07,6880.0,3,-183.0,EMA13,1
JSWSTEEL,L,2025-09-25,1149.1,2025-10-15,1147.8,21,-27.3,EMA13,20
ETERNAL,L,2025-10-15,347.75,2025-10-21,340.1,71,-543.15,EMA13,6
MUTHOOTFIN,L,2025-09-23,3070.0,2025-10-24,3196.9,8,1015.2,EMA13,31
MUTHOOTFIN,L,2025-10-24,3196.9,2025-10-27,3169.0,7,-195.3,EMA13,3
BEL,L,2025-10-27,425.0,2025-10-30,407.8,58,-997.6,EMA13,3
CUMMINSIND,L,2025-10-21,4030.0,2025-11-17,4289.9,6,1559.4,EMA13,27
INDIANB,L,2025-09-10,671.8,2025-11-24,851.8,37,6660.0,EMA13,75
LTF,L,2025-10-07,259.87,2025-11-24,288.7,96,2767.68,EMA13,48
ASHOKLEY,L,2025-11-17,149.5,2025-11-24,144.8,167,-784.9,EMA13,7
M&M,L,2025-11-24,3745.1,2025-11-25,3687.0,6,-348.6,EMA13,1
SBILIFE,L,2025-11-25,1972.4,2025-12-01,1967.0,12,-64.8,EMA13,6
SBIN,L,2025-11-03,938.75,2025-12-03,970.45,26,824.2,EMA13,30
LTF,L,2025-12-01,313.75,2025-12-05,299.1,79,-1157.35,EMA13,4
GMRAIRPORT,L,2025-12-03,107.39,2025-12-05,102.56,232,-1120.56,EMA13,2
PERSISTENT,L,2025-12-05,6453.0,2025-12-09,6336.5,3,-349.5,EMA13,4
MARUTI,L,2025-11-24,16005.0,2025-12-10,16090.0,1,85.0,EMA13,16
HEROMOTOCO,L,2025-11-25,6000.0,2025-12-10,6028.0,4,112.0,EMA13,15
CUMMINSIND,L,2025-12-08,4471.0,2025-12-17,4498.0,5,135.0,EMA13,9
CHOLAFIN,L,2025-12-11,1744.9,2025-12-17,1710.0,14,-488.6,EMA13,6
LT,L,2025-12-17,4079.0,2025-12-19,4040.1,6,-233.4,EMA13,2
FEDERALBNK,L,2025-12-10,260.8,2025-12-26,261.7,95,85.5,EMA13,16
AUBANK,L,2025-12-10,981.0,2025-12-26,974.05,25,-173.75,EMA13,16
IDFCFIRSTB,L,2025-12-17,83.31,2026-01-08,84.39,300,324.0,EMA13,22
APLAPOLLO,L,2025-12-30,1890.9,2026-01-12,1889.9,13,-13.0,EMA13,13
ASHOKLEY,L,2025-12-19,172.08,2026-01-21,179.92,145,1136.8,EMA13,33
LICI,S,2026-01-21,404.48,2026-01-29,411.02,61,-399.24,EMA13,8
VEDL,L,2025-12-26,603.7,2026-02-02,653.35,41,2035.65,EMA13,38
HINDALCO,L,2026-01-08,934.05,2026-02-03,950.0,26,414.7,EMA13,26
UBL,S,2026-01-29,1418.0,2026-02-04,1514.0,17,-1632.0,EMA13,6
ADANIGREEN,S,2026-02-03,924.0,2026-02-04,935.0,27,-297.0,EMA13,1
TRENT,S,2026-01-13,2705.33,2026-02-05,2648.93,9,507.57,EMA13,23
ITC,S,2026-02-02,309.45,2026-02-09,327.95,80,-1480.0,EMA13,7
APLAPOLLO,L,2026-02-09,2220.0,2026-02-23,2190.6,11,-323.4,EMA13,14
LTTS,S,2026-02-23,3428.0,2026-03-02,3387.9,7,280.7,EMA13,7
TITAN,L,2026-02-04,4087.0,2026-03-05,4238.0,6,906.0,EMA13,29
TATASTEEL,L,2026-02-10,202.99,2026-03-05,198.5,123,-552.27,EMA13,23
LTTS,S,2026-03-02,3387.9,2026-03-16,3457.0,7,-483.7,EMA13,14
KPITTECH,S,2026-02-16,860.4,2026-04-02,654.3,29,5976.9,EMA13,45
TRENT,S,2026-03-16,2325.2,2026-04-02,2290.0,10,352.0,EMA13,17
WIPRO,S,2026-03-05,196.4,2026-04-06,197.0,127,-76.2,EMA13,32
TRENT,S,2026-04-02,2290.0,2026-04-06,2423.27,10,-1332.67,EMA13,4
ITC,S,2026-03-05,312.2,2026-04-08,303.9,80,664.0,EMA13,34
HDFCBANK,S,2026-04-02,730.0,2026-04-09,815.0,34,-2890.0,EMA13,7
LICI,S,2026-04-06,368.0,2026-04-09,398.35,67,-2033.45,EMA13,3
DABUR,S,2026-04-08,425.0,2026-04-10,425.0,58,-0.0,EMA13,2
YESBANK,S,2026-04-09,19.0,2026-04-10,19.0,1315,-0.0,EMA13,1
LICI,S,2026-04-09,398.35,2026-04-10,400.27,62,-119.35,EMA13,1
CIPLA,S,2026-04-06,1190.3,2026-04-13,1222.3,21,-672.0,EMA13,7
VEDL,L,2026-04-22,769.7,2026-04-24,734.95,32,-1112.0,EMA13,2
CIPLA,S,2026-04-24,1295.0,2026-04-27,1303.2,19,-155.8,EMA13,3
CIPLA,S,2026-04-27,1303.2,2026-04-28,1316.0,19,-243.2,EMA13,1
HDFCBANK,S,2026-05-01,771.7,2026-05-07,794.0,32,-713.6,EMA13,6
GLENMARK,L,2026-05-07,2390.0,2026-05-12,2340.9,10,-491.0,EMA13,5
INFY,S,2026-05-13,1136.6,2026-05-20,1187.0,21,-1058.4,EMA13,7
HCLTECH,S,2026-05-15,1121.9,2026-05-20,1166.2,22,-974.6,EMA13,5
INFY,S,2026-05-20,1187.0,2026-05-21,1196.1,21,-191.1,EMA13,1
GODREJCP,S,2026-05-25,1040.9,2026-05-28,1044.4,24,-84.0,EMA13,3
BSE,L,2026-04-20,3540.0,2026-06-02,4020.0,7,3360.0,EMA13,43
TCS,S,2026-04-27,2396.9,2026-06-03,2393.0,10,39.0,EMA13,37
UBL,S,2026-06-03,1325.0,2026-06-04,1325.5,18,-9.0,EMA13,1
KALYANKJIL,S,2026-06-01,360.0,2026-06-05,367.0,69,-483.0,EMA13,4
INFY,S,2026-06-04,1208.0,2026-06-05,1220.0,20,-240.0,EMA13,1
COROMANDEL,S,2026-05-20,1877.0,2026-06-10,1815.5,13,799.5,EMA13,21
PIIND,S,2026-06-10,2866.4,2026-06-11,2800.0,8,531.2,EMA13,1
JIOFIN,S,2026-06-12,230.9,2026-06-15,241.5,108,-1144.8,EMA13,3
ICICIPRULI,S,2026-06-02,486.0,2026-06-16,486.95,51,-48.45,EMA13,14
ITC,S,2026-06-05,280.0,2026-06-16,288.15,89,-725.35,EMA13,11
RVNL,S,2026-06-08,231.99,2026-06-16,241.8,107,-1049.67,EMA13,8
BAJAJFINSV,S,2026-06-15,1714.0,2026-06-16,1755.0,14,-574.0,EMA13,1
BHEL,L,2026-06-22,417.3,2026-07-03,402.0,59,-902.7,EMA13,11
VEDL,S,2026-06-24,280.95,2026-07-03,280.4,88,48.4,EOD_data,9
BHARATFORG,L,2026-06-26,2145.3,2026-07-03,2136.7,11,-94.6,EOD_data,7
FEDERALBNK,L,2026-06-30,324.8,2026-07-03,327.4,76,197.6,EOD_data,3
OFSS,L,2026-07-03,11000.0,2026-07-03,11248.0,2,496.0,EOD_data,0
